Date,1.0,2.0,3.0,5.0,7.0,10.0,20.0,30.0
1990-01-31,0.08099757842000001,0.08156739727,0.08217771222999999,0.08292420474000001,0.08329200789999999,0.08357262811,0.08390049447,0.08400978523
1990-02-28,0.08092463672,0.08251735461000001,0.08335807527,0.08408241668000001,0.08439211455000001,0.08462364091999999,0.08489364804999999,0.08498364989000001
1990-03-31,0.08319230964,0.08477833661,0.08542047709,0.08569762767,0.08568702482000001,0.08564002114000001,0.08557343381,0.08555103186
1990-04-30,0.08568408661999999,0.08779900614000001,0.08862905019999999,0.08909267535,0.08918960845999999,0.08923541412000001,0.08928198039,0.08929740578
1990-05-31,0.08136325119,0.08300894746000001,0.08401245023,0.0848810426,0.08515679143,0.08523883841,0.08514537068,0.08508799940999999
1990-06-30,0.07965910314,0.08094410516,0.08181465909,0.08291719333,0.08350357925999999,0.08385293566,0.0835662408,0.08309277815999999
1990-07-31,0.07689138172,0.07802290357000001,0.07902436432,0.08067170386000001,0.08195407943,0.08332241619,0.08432715586,0.08184790069
1990-08-31,0.07807783639,0.08014773140999999,0.08189552230000001,0.08462956811,0.08669935144,0.08888655295999999,0.09067955827,0.08743273898
1990-09-30,0.07713551647,0.07919079636,0.08100735151,0.08401189108000001,0.08630055799000001,0.08864751978999999,0.09019884714,0.08647144966
1990-10-31,0.07489115269,0.07688430679,0.07868287815000001,0.08174390346999999,0.08416297238,0.08675849901999999,0.08895129205,0.08533700554
1990-11-30,0.07322458451,0.07482529478,0.07627607738,0.07876203321,0.08074646253,0.08290700387,0.08488536308,0.08197141478
1990-12-31,0.06916427443,0.07146689022000001,0.07351482072,0.07692310362,0.07952893979,0.08219265242000001,0.08384808086,0.07978416819
1991-01-31,0.06672978365,0.06987331951,0.07233449857,0.07602143953,0.07869248076,0.08143408082,0.08339021288,0.07985019473999999
1991-02-28,0.06540293881,0.06931492622999999,0.07224682971,0.07625698584,0.07884296885,0.08135645378999999,0.08373683680999999,0.08002203415
1991-03-31,0.06425018098,0.06948839438,0.07305922398,0.0773165602,0.07965335933,0.08174758626999999,0.08399736280999999,0.08069770167
1991-04-30,0.06245365915,0.06781372789,0.07151579544,0.07622443731,0.07910605974,0.08174520755999999,0.08329166494000001,0.07991067757999999
1991-05-31,0.06228807821,0.06758683304,0.07132918271000001,0.07637538234,0.07959652636999999,0.08244754942,0.08396640188999999,0.08159530975
1991-06-30,0.06330291897000001,0.06926532621999999,0.07336555444,0.07863095573,0.0817857323,0.08440095119,0.0854239251,0.08316949151
1991-07-31,0.062076999429999995,0.06754098775,0.07169376544,0.07725693902,0.08049085097000001,0.08301155719,0.0846003228,0.08301855077
1991-08-31,0.057975895580000006,0.06296152645,0.06707075584,0.0731917041,0.07721103049,0.08061867215,0.08200267376999999,0.0794875596
1991-09-30,0.055313647540000004,0.0599519927,0.06380363934,0.06962670561999999,0.07356752482000001,0.0771288387,0.07991748153,0.07876593382000001
1991-10-31,0.05217312388,0.05700555568000001,0.06120040775,0.06795106141,0.07290312835,0.07777393319999999,0.0815082151,0.077791272
1991-11-30,0.04841785378,0.05394338115,0.05873830879,0.06644253204,0.07207348024,0.07758327785,0.08219973518,0.08039427172
1991-12-31,0.04232302779,0.04814426309,0.05308871419,0.06078791313,0.06618567937,0.07125193831,0.07644810047,0.07945543074
1992-01-31,0.044268421440000004,0.05158167236,0.05755233631,0.06631102314,0.07193562902,0.07660588051,0.07966114792,0.08035414915
1992-02-29,0.045073413369999996,0.052683467129999995,0.058718941549999994,0.06719570999,0.07230904574000001,0.07625308657,0.07922599603,0.08180312696
1992-03-31,0.04763165088,0.056243938050000004,0.06260485721,0.07065086604,0.07483546115,0.0775959207,0.08048870123,0.08381627499000001
1992-04-30,0.044875546530000004,0.05389662751,0.06077116916,0.06987432455999999,0.07492583874,0.07848436208,0.08173694866,0.08543287776
1992-05-31,0.04345630353,0.05148733799000001,0.05781460609,0.06664724619000001,0.07197721376999999,0.07619423408,0.08011710089999999,0.08295917418
1992-06-30,0.04168424999,0.04859666333,0.05445596806,0.06355305097,0.06989971702,0.07578621381,0.08072861980000001,0.08084680255
1992-07-31,0.037417936379999996,0.044285485470000004,0.05011588883,0.059189879220000005,0.06554696659,0.07150011182,0.07724272066,0.07944093863
1992-08-31,0.03563517928,0.04209118595,0.04780545809,0.05726329708,0.0644715878,0.07191623687,0.07894347118,0.07499775485
1992-09-30,0.032185293000000004,0.03867294877,0.04447645486,0.054243102609999996,0.061874506690000004,0.07004529191,0.07895271095,0.07488886256999999
1992-10-31,0.03722770122,0.044577260880000004,0.05093074234,0.06044787967,0.06664692223,0.07224084211,0.07935010616999999,0.08174960189
1992-11-30,0.040137788519999995,0.048343385530000005,0.05483747088,0.06361248867,0.06875888722,0.07307763212,0.07831039478,0.08006063391
1992-12-31,0.03730429843,0.04505208267000001,0.051803979939999995,0.06113687858,0.06652433125,0.07094729375,0.07623236795999999,0.07799672834
1993-01-31,0.03536818084,0.04192352359,0.047725303979999995,0.05664936997,0.06262184943,0.06812242764,0.07522590980999999,0.07763293947
1993-02-28,0.03381081435,0.03924231941,0.04445698557,0.0530455117,0.0591278093,0.06494199649,0.07266394017,0.07529945877000001
1993-03-31,0.03414189227,0.03961519323,0.04479780542,0.05332816007,0.05941988758,0.06531004847,0.07323497204,0.07595198781
1993-04-30,0.03300213949,0.03792657082,0.04307318285,0.05193165655,0.058326974309999995,0.0644599478,0.07258020636000001,0.07534650642
1993-05-31,0.03638750269,0.04203946532,0.046736756469999995,0.05399449488,0.05923012771,0.06465637498,0.07305029536,0.07620463649999999
1993-06-30,0.03549405328,0.040233673899999996,0.04428694094,0.05077568675,0.05565060219,0.0609090298,0.06957990913999999,0.0730270063
1993-07-31,0.036006412929999995,0.04115419434,0.04536357848,0.051719752320000006,0.056183893310000003,0.06071724883,0.0677301952,0.07047426922
1993-08-31,0.03446312964,0.038467648689999995,0.0420626722,0.04802045064,0.052537562309999994,0.05730152879,0.06455046681,0.06719618044
1993-09-30,0.03445137743,0.0388735425,0.042503995229999994,0.048107735170000006,0.0522473324,0.056791645190000004,0.06498612833,0.06860846361
1993-10-31,0.0353701786,0.03964125959,0.0431611673,0.04863030426,0.052682075360000004,0.05707240703,0.06444074578999999,0.06737796162000001
1993-11-30,0.03670603406,0.04176880969,0.04582511221,0.05189437478,0.05617517733,0.06056026229000001,0.06723404579,0.0696955864
1993-12-31,0.03683366076,0.04207051227,0.04612443987,0.05208374833,0.05631137517,0.060732132779999996,0.06762982954,0.07018896422
1994-01-31,0.03565709743,0.040662435840000004,0.04454629111,0.05024274024,0.0542974058,0.0586337371,0.06589797609999999,0.06877336558
1994-02-28,0.04099515719,0.04649680271,0.050454574,0.05612172379,0.060128199289999996,0.06421496654,0.0700766755,0.07212446069
1994-03-31,0.045521716850000005,0.052079367120000004,0.05655577621,0.06265485353,0.06646899824000001,0.06979571653,0.07387855002,0.07524499678
1994-04-30,0.05032064341,0.057233819160000005,0.06129161589,0.06609303622,0.06905600423,0.07193123322,0.07549001641,0.07529754714
1994-05-31,0.05313799029,0.05961860517,0.06324165807,0.06721418669,0.06984849639,0.07299421795,0.07735142501,0.07513386861
1994-06-30,0.0547953667,0.061078069629999995,0.06462237239,0.06915326135,0.07217861888,0.07517022534,0.07835039942,0.07730859727
1994-07-31,0.05388086489,0.059388697,0.06256974354,0.06666909541,0.06944150685,0.07224567484,0.07554437718,0.07489243726
1994-08-31,0.05495614496,0.060551864809999995,0.06371039288000001,0.06749163665,0.069998002,0.07268545328,0.07715246877,0.07820871838
1994-09-30,0.05910917644,0.06511855453,0.06853535127,0.07212404144,0.07431840942,0.0769609476,0.08109548644,0.07898047818000001
1994-10-31,0.06122855744,0.06723900961,0.07047562006,0.07406458298,0.07621106279,0.07831676644,0.08130034931999999,0.08166886407
1994-11-30,0.068063,0.073168,0.075118,0.076791,0.077654,0.078499,0.08026,0.081518
1994-12-31,0.07252399999999999,0.07563,0.076626,0.077418,0.07778800000000001,0.078116,0.078621,0.078822
1995-01-31,0.067851,0.071627,0.073169,0.074404,0.075029,0.075736,0.077343,0.078166
1995-02-28,0.063772,0.066846,0.068329,0.069888,0.071117,0.07279,0.07596599999999999,0.077185
1995-03-31,0.06408348339,0.06699819105,0.06840342027,0.06990566507,0.07109870246,0.07269316993000001,0.07562193972,0.07672675293
1995-04-30,0.062463912329999996,0.06497484922,0.06639781960999999,0.06792463007,0.06905933811,0.07090582517999999,0.07536563552,0.0739707475
1995-05-31,0.05771464557,0.058129176850000006,0.058690376259999996,0.06009809465,0.06168640707,0.0640444094,0.06886273216,0.06835405557
1995-06-30,0.05681273266,0.05760062038,0.05822074899,0.05942322573,0.06080516458,0.06309609302000001,0.06828851313,0.06753749390000001
1995-07-31,0.05674712271,0.05832782199,0.0595787537,0.06154367399,0.06317864702999999,0.06537062307000001,0.07024473953,0.07037933656
1995-08-31,0.056341536830000004,0.057741536399999994,0.05876600372,0.060324650279999996,0.061704797080000005,0.0637515188,0.06857761153,0.06835787415
1995-09-30,0.056758562789999994,0.057926609850000005,0.058628391659999994,0.05959981217,0.06062012025999999,0.06247738022,0.06742318412000001,0.06713932101
1995-10-31,0.05538909051,0.055915779160000005,0.05649000782,0.05772780981,0.059009329189999994,0.060860686,0.06496901127,0.0652762257
1995-11-30,0.053499409250000005,0.05329611987,0.05371483142,0.0551016264,0.05659237191,0.05863082943,0.06316573092,0.06508417525
1995-12-31,0.05137972493,0.051472995060000006,0.0520728507,0.05352250184,0.05493861828,0.05683482116000001,0.0611806699,0.06328021317
1996-01-31,0.04920316359,0.04927549088,0.05022852506,0.05251547697,0.05462187204,0.05723712524,0.06212934722,0.06338971673999999
1996-02-29,0.05180459739,0.053575946410000005,0.05503404493,0.05747072339,0.05958707598,0.06235201081,0.06746642994,0.06709818073
1996-03-31,0.05459651858,0.05734296339,0.05889314007,0.060784586689999996,0.06241320063,0.06488407607,0.06978264764,0.0687794206
1996-04-30,0.05623354964,0.059734077010000004,0.06161256462,0.06365430309,0.0652150336,0.06748622339,0.07166988571,0.07029945788
1996-05-31,0.05731876475,0.06158464046,0.06377110946,0.06581218025,0.06710327819,0.06894199839,0.07232692735,0.07074139352
1996-06-30,0.05739496668,0.06076532298,0.06242735648,0.06413492088,0.06548102053,0.06747132951,0.07102156629999999,0.06994260541
1996-07-31,0.05841850916,0.061520080549999995,0.06319821841,0.06497763228,0.06623717892,0.06798522807,0.07127624919,0.07056868079
1996-08-31,0.05838554513,0.06271242388,0.06466599743,0.06654246717000001,0.06794448277,0.06987550981,0.07318008826,0.07267339671
1996-09-30,0.05720442655,0.060392127139999995,0.06207954299,0.06422776588,0.06577057358,0.06754336449000001,0.07094221067,0.07218116195
1996-10-31,0.05487806679,0.0569633879,0.0584716582,0.060564573829999996,0.06211507684,0.06409249505,0.06827327262999999,0.06776461309
1996-11-30,0.05383091425,0.055347687810000004,0.05635857251,0.0577764994,0.05903445358,0.06099633787,0.06568779263999999,0.06521148675
1996-12-31,0.05579151466,0.0582591669,0.05981005208,0.06159854126,0.06277582496,0.06437175068,0.06808583168,0.06715607893
1997-01-31,0.055920165400000006,0.05855169086,0.060217114919999995,0.06217275427,0.06349439203,0.06530327928,0.06961296654,0.06900465598
1997-02-28,0.05704566838,0.059967049189999996,0.06163922107,0.06332654276,0.06436933372999999,0.06593202745,0.06998100329,0.06908604905
1997-03-31,0.06021603934,0.06362396541,0.06540509712999999,0.06706089311999999,0.06808129914,0.06957481064,0.07255586241999999,0.07113520416
1997-04-30,0.05894821745,0.061951093449999994,0.0635258711,0.06504477684,0.06607061879,0.06764446114,0.07093924708,0.06970922345
1997-05-31,0.05801766,0.06130240502999999,0.06289304473,0.06435680219,0.06541434349,0.06708141326,0.07041871783,0.06940889927999999
1997-06-30,0.057407664809999995,0.060239096959999995,0.06176856495,0.06324346212,0.06420658514000001,0.06573327358,0.06919519988,0.06753590218
1997-07-31,0.055432383319999994,0.05654722702,0.05730434162,0.0583739341,0.059314097610000005,0.06077184196,0.06411905322,0.06307385647000001
1997-08-31,0.057054239640000004,0.05915998375,0.06032214095,0.06163360707,0.06268305798,0.06427038245,0.06725734335,0.06597667032
1997-09-30,0.05614980128,0.05749855611,0.058363850089999995,0.05971367851,0.06081501399000001,0.062163723580000003,0.06490063125,0.06595261992
1997-10-31,0.055051640529999994,0.055969950590000005,0.05650032826,0.05722118314,0.05799159283,0.059383062740000006,0.06265583996,0.061696216039999995
1997-11-30,0.056515355850000004,0.057339516689999995,0.057650919800000006,0.05780897639,0.05805065408,0.0588685974,0.06147400546,0.06019420062
1997-12-31,0.05565365977,0.05615786507,0.056392673430000005,0.0566336924,0.05696588945,0.05779748222,0.06035654858,0.05939014152
1998-01-31,0.05326119198,0.053021400610000005,0.05304850747,0.05363073326,0.05459247554,0.056210076899999996,0.05944767757,0.05852246365
1998-02-28,0.05478817976,0.05503721468,0.05520146177,0.05556726194,0.05613600997,0.05729086848,0.06027148243,0.05929082518999999
1998-03-31,0.05495219422,0.05557820713,0.05585953047,0.056154770980000004,0.05657992633,0.057604334630000004,0.06043717499,0.059151753359999996
1998-04-30,0.05466788806,0.055518676930000004,0.05570773321,0.056070876289999995,0.056801514590000005,0.05809404636,0.06044095837999999,0.06001927773
1998-05-31,0.05484133023,0.05504015839,0.05503907879,0.055429905169999995,0.056016112050000004,0.056889364760000005,0.05887696115,0.0596592654
1998-06-30,0.05424475753,0.05473390416,0.05465166819,0.054513932790000004,0.05475290271,0.05541302071,0.05696263351,0.05697815639
1998-07-31,0.05394129525,0.054636354420000005,0.054798406269999995,0.054793779029999996,0.05501858211,0.0558496619,0.058170324329999995,0.05722355832
1998-08-31,0.05055343662,0.04989993838,0.04958743826,0.049683399169999996,0.05035949472,0.051789329009999996,0.055032929929999995,0.05395583694
1998-09-30,0.04511219703,0.04372347662,0.043032523960000006,0.04309178398,0.04428958366,0.046909847559999995,0.05345265154,0.053380411509999996
1998-10-31,0.04396815909,0.04303780067,0.04280613468,0.04373368134,0.04567328055,0.04909079635,0.05574300333,0.05384305915
1998-11-30,0.046238616620000006,0.045877354700000005,0.04581343466,0.04632835774,0.047376933,0.04935106469,0.05426402114,0.05400894698
1998-12-31,0.046041323089999996,0.04582928963,0.045900219900000004,0.0466429596,0.04786652633,0.05001426051,0.054953638969999996,0.054326609399999996
1999-01-31,0.0463145294,0.04606102252,0.04577019044,0.04601283659,0.047260001450000005,0.049817408179999995,0.054668883040000005,0.052799912549999994
1999-02-28,0.04988886264,0.05121085915,0.0518078954,0.052616291620000005,0.05371177915,0.055734617880000004,0.05913239564,0.05622629083
1999-03-31,0.0484203556,0.049903344460000006,0.050726213500000006,0.05202977266,0.05356904172,0.05609324253,0.060186719240000006,0.057358019100000004
1999-04-30,0.04894796255,0.050584409670000004,0.05135048051,0.052443739989999995,0.05385473272999999,0.056317482630000006,0.060359643399999996,0.05743286005
1999-05-31,0.05120386485,0.05394609971,0.05528566904,0.05655144304,0.05755869813,0.05924093098,0.06179708467,0.058360997340000005
1999-06-30,0.052409247719999996,0.05479818232999999,0.055796046190000004,0.057132959760000004,0.05868315926,0.060963854240000004,0.06303766288,0.059302547250000004
1999-07-31,0.05307095261,0.05581700499,0.05723177825,0.058823792480000005,0.06017101438,0.062096877509999995,0.06395451368999999,0.05995399568
1999-08-31,0.05487396934,0.05703722612,0.057992290669999995,0.059455345470000004,0.061064389999999996,0.06319576761000001,0.06467307789,0.0612477465
1999-09-30,0.0538332867,0.055911102000000004,0.05687019004,0.05840716094,0.06019870820999999,0.06271626842,0.06475157732999999,0.06059086724
1999-10-31,0.055556912580000006,0.05762046274,0.05839587415,0.059579345420000006,0.06111526004,0.06335425547,0.06505973929,0.06114101915
1999-11-30,0.057816959529999996,0.05943745713,0.059925249230000005,0.060795583640000005,0.0622453126,0.0645301474,0.06602722975,0.06115430491
1999-12-31,0.06017326674,0.06183212337,0.062263467739999995,0.06353506313,0.06514115734999999,0.0670089012,0.06749407131,0.06421108179
2000-01-31,0.0629347744,0.06545794057,0.06604054809,0.06626399788,0.06653948374,0.06686583424,0.06546396626,0.06259860722
2000-02-29,0.06278144281,0.06454418316,0.06506327414,0.06550733473,0.06563536243,0.06528008111,0.062385413390000005,0.060009257309999994
2000-03-31,0.06342987449,0.06409472719,0.06351671849,0.06235024523,0.06188541736,0.061707137999999995,0.06018654553,0.05746954722
2000-04-30,0.06486366537,0.06584078813,0.06538317443000001,0.06436267619,0.06377467064,0.06314362748999999,0.061042410479999996,0.05935572711
2000-05-31,0.06674952841,0.06650208735,0.06550474755999999,0.06467487337,0.06435551637999999,0.06390726519,0.06207854989,0.06068658673
2000-06-30,0.06406459919,0.06342978687999999,0.06235610794,0.061510736440000005,0.06151893584,0.06173745756,0.06107333446,0.059373681520000006
2000-07-31,0.06377479916,0.06278701092,0.06188159914,0.06113002299,0.060985582870000006,0.06088952674,0.05967534872,0.05812963073
2000-08-31,0.06273036125,0.06114004291,0.0599705585,0.05901724949,0.05888138411,0.058947269340000004,0.05824783779,0.05677144344
2000-09-30,0.061876983,0.0594101169,0.05813367468,0.05789548815,0.05868714342,0.05990045147,0.06060197368,0.05853931342
2000-10-31,0.062142490710000005,0.059078349040000006,0.057752478600000004,0.0574649588,0.0580067665,0.05884626432,0.059449698020000004,0.058192782469999996
2000-11-30,0.05943332277,0.056234113280000005,0.05470472899,0.054064348649999996,0.054662435169999996,0.05593915652,0.057618109349999995,0.05614458151
2000-12-31,0.0544616605,0.05145769743,0.05032632292,0.05044159819,0.05158477842,0.05342752077,0.05630499632,0.055568780789999994
2001-01-31,0.04734283074,0.046695765619999996,0.047300201810000005,0.04933815016,0.0513479304,0.053767355329999995,0.05728882895,0.05699208772
2001-02-28,0.045423356869999994,0.044645957320000006,0.045256041170000004,0.04739779164,0.049536925270000004,0.052147157799999996,0.05613558925999999,0.056042922429999996
2001-03-31,0.041703543520000004,0.04215354086,0.04353366243,0.0466499216,0.04943144943,0.052693455460000004,0.05752588311,0.05738633504
2001-04-30,0.04068623046,0.043358154329999996,0.04580507838,0.04978272469,0.052855586839999996,0.05619232096,0.06049478472,0.0598376763
2001-05-31,0.0382717872,0.04267598846,0.045826575409999994,0.050329658449999995,0.05355853732,0.05689232074,0.060708603529999995,0.059662172470000004
2001-06-30,0.0388489834,0.04294989187,0.04601045735,0.05047763063,0.05367466331,0.05691030723,0.06020421076,0.058738795919999996
2001-07-31,0.03489625574,0.03825085174,0.04144167402,0.046210304720000005,0.04964182612,0.053227122720000006,0.057645484639999994,0.05688761101
2001-08-31,0.033227,0.036758,0.039989,0.044777,0.04824,0.051872,0.056356,0.055576
2001-09-30,0.024861,0.029036,0.033337,0.040155,0.045161,0.050456,0.057304,0.056540999999999994
2001-10-31,0.020202,0.024902999999999998,0.029663,0.036829,0.041874,0.047026000000000005,0.053059,0.051737000000000005
2001-11-30,0.020790000000000003,0.028536000000000002,0.034417,0.042231,0.047400000000000005,0.052472000000000005,0.057848,0.056138
2001-12-31,0.020841,0.030627,0.037433,0.045575000000000004,0.050517000000000006,0.055106,0.059613,0.058066000000000006
2002-01-31,0.022689,0.031381,0.037572,0.045244,0.049995000000000005,0.054431,0.058685,0.057
2002-02-28,0.0219,0.030313,0.036158,0.043668,0.04858,0.053371,0.058363,0.05668599999999999
2002-03-31,0.027534999999999997,0.0369,0.042862,0.049985999999999996,0.054291,0.058247999999999994,0.061957000000000005,0.060472
2002-04-30,0.02298,0.03234,0.038567,0.045956000000000004,0.050475000000000006,0.05474999999999999,0.059334,0.058263999999999996
2002-05-31,0.023312,0.031684000000000004,0.037146,0.044334,0.049238,0.054222,0.060119,0.058965
2002-06-30,0.020579999999999998,0.028456000000000002,0.034232,0.041887999999999995,0.047076,0.052423000000000004,0.059437,0.059049
2002-07-31,0.017065999999999998,0.022241,0.027731,0.0363,0.042534,0.049128,0.057796,0.057044
2002-08-31,0.017241,0.021109,0.025421,0.032983,0.038994,0.045588,0.054119,0.052744
2002-09-30,0.014887,0.017048,0.020457,0.027597,0.033843,0.041101,0.051664,0.05118
2002-10-31,0.013795,0.016908,0.021106,0.029251999999999997,0.036116,0.043949999999999996,0.055077999999999995,0.054383
2002-11-30,0.015300000000000001,0.020892,0.025797,0.033777,0.039955,0.046685,0.055467,0.054257
2002-12-31,0.012388999999999999,0.015945,0.02035,0.028458,0.035074999999999995,0.042487000000000004,0.052694,0.051788999999999995
2003-01-31,0.012787999999999999,0.017249,0.022240000000000003,0.030605000000000004,0.036944,0.043781,0.053077,0.052523
2003-02-28,0.012199,0.015273000000000002,0.019454,0.027336999999999997,0.033699,0.040785,0.051082,0.051151
2003-03-31,0.011654,0.015392,0.020058,0.028389,0.034929,0.042158,0.052691999999999996,0.052877
2003-04-30,0.011634,0.015326,0.020186000000000003,0.028853,0.035369000000000005,0.042231,0.051851,0.052232
2003-05-31,0.011337999999999999,0.013252,0.016363000000000003,0.023267000000000003,0.029469,0.036702,0.047575000000000006,0.047897999999999996
2003-06-30,0.010331,0.013274,0.017166999999999998,0.024851,0.031229,0.038383,0.049311999999999995,0.050439
2003-07-31,0.012617,0.018192,0.023984000000000002,0.033703,0.040998,0.048686999999999994,0.058412,0.057098
2003-08-31,0.013016000000000002,0.019445,0.025518,0.03479,0.041345,0.048098999999999996,0.05666,0.055774
2003-09-30,0.0108,0.014792000000000001,0.019762,0.02859,0.035408,0.042797999999999996,0.053145,0.052988999999999994
2003-10-31,0.01275,0.018494,0.024032,0.032854,0.039397,0.046386000000000004,0.055733,0.055061
2003-11-30,0.014354,0.020537,0.025785999999999996,0.033866,0.039897999999999996,0.046442,0.055553,0.055254000000000004
2003-12-31,0.012426999999999999,0.01825,0.023795999999999998,0.032465,0.0388,0.045544,0.054794999999999996,0.054526000000000005
2004-01-31,0.012652000000000002,0.018317,0.023610000000000003,0.03186,0.037929,0.044445,0.053567000000000004,0.053474
2004-02-29,0.011586,0.016451,0.021692999999999997,0.030125000000000002,0.036245,0.042745,0.052173,0.052751
2004-03-31,0.01161,0.01576,0.020283000000000002,0.028163,0.034394,0.04135,0.051558,0.051699
2004-04-30,0.016193,0.023449,0.028898,0.036657999999999996,0.042239000000000006,0.048209,0.056511,0.056368999999999995
2004-05-31,0.018555,0.025613,0.030872999999999998,0.038433,0.043833000000000004,0.049517,0.05697,0.056334999999999996
2004-06-30,0.020741999999999997,0.027075000000000002,0.031654,0.038393000000000004,0.043400999999999995,0.048834,0.056375,0.056088
2004-07-31,0.020969,0.026838,0.031074,0.037418,0.042223,0.047544,0.055394,0.055625
2004-08-31,0.019759,0.023932000000000002,0.027498,0.033444,0.038287,0.043968,0.052656999999999995,0.052041000000000004
2004-09-30,0.022275999999999997,0.026039,0.02903,0.034031,0.038346,0.043677,0.051990999999999996,0.051148
2004-10-31,0.022517999999999996,0.025453,0.028176999999999997,0.033138,0.037475,0.042756999999999996,0.050931,0.050189000000000004
2004-11-30,0.026631000000000002,0.030298,0.032907,0.037119,0.040873,0.045674,0.052973,0.051449999999999996
2004-12-31,0.027691,0.030653,0.032722,0.036247,0.039611,0.04407,0.050953,0.049463999999999994
2005-01-31,0.029727,0.032573,0.034251000000000004,0.036788,0.039259,0.042716000000000004,0.048054,0.046216999999999994
2005-02-28,0.03254,0.035844999999999995,0.037566999999999996,0.039757,0.041797,0.044732,0.049051,0.046617
2005-03-31,0.034287,0.037855,0.039514,0.041429,0.043274999999999994,0.046031,0.049827,0.046916
2005-04-30,0.033854999999999996,0.036232,0.03725,0.038607999999999996,0.04026,0.042946,0.047222,0.045082000000000004
2005-05-31,0.033845,0.035692,0.036303,0.037128999999999995,0.038468,0.040887,0.045008,0.043148
2005-06-30,0.035033,0.036194000000000004,0.036445,0.036879,0.037957,0.040069,0.043612000000000005,0.041567999999999994
2005-07-31,0.038567,0.040108,0.040507999999999995,0.040842,0.041643999999999994,0.043361000000000004,0.046006,0.043291
2005-08-31,0.037522,0.038071,0.038086,0.038260999999999996,0.039083,0.040844,0.043751,0.041463
2005-09-30,0.041353,0.041302000000000005,0.041174,0.041823,0.04278800000000001,0.044146,0.046735,0.047207
2005-10-31,0.043269,0.044013,0.044002999999999994,0.044083,0.044846000000000004,0.046465,0.048598,0.045898
2005-11-30,0.043798000000000004,0.043993000000000004,0.043699,0.04359,0.044363,0.046083,0.048352000000000006,0.045449
2005-12-31,0.044007,0.043815,0.043389,0.042946,0.043262,0.044421999999999996,0.046213,0.043292000000000004
2006-01-31,0.045557,0.044997999999999996,0.044596,0.044371999999999995,0.044751000000000006,0.045803,0.047514,0.044909
2006-02-28,0.046900000000000004,0.046588000000000004,0.046165000000000005,0.045577,0.045508,0.045994,0.046744,0.043825
2006-03-31,0.048263,0.048103,0.047813,0.047603,0.048014,0.049172,0.050649,0.047217
2006-04-30,0.048822000000000004,0.048381,0.048209,0.04855400000000001,0.049474,0.051138,0.053335,0.050098000000000004
2006-05-31,0.050399,0.050027999999999996,0.049668000000000004,0.049562999999999996,0.050213,0.051718,0.053541,0.049783
2006-06-30,0.052100999999999995,0.051303999999999995,0.050575999999999996,0.050076,0.050523,0.051707,0.052863,0.050085
2006-07-31,0.050644999999999996,0.049342,0.048593000000000004,0.048258,0.048803,0.050117,0.051658,0.048146
2006-08-31,0.049509,0.047424999999999995,0.046433999999999996,0.046118,0.046696999999999995,0.04785300000000001,0.049552,0.048490000000000005
2006-09-30,0.048775000000000006,0.046603000000000006,0.04552,0.045077,0.045609000000000004,0.046765999999999995,0.048445,0.047158
2006-10-31,0.048797,0.046571999999999995,0.045426,0.044871999999999995,0.045327,0.046423,0.048076999999999995,0.046807
2006-11-30,0.048173,0.045687,0.044336,0.043532,0.043887,0.044965000000000005,0.04662,0.045076
2006-12-31,0.049530000000000005,0.047737999999999996,0.046687000000000006,0.046006,0.046340000000000006,0.047444,0.048958,0.045953999999999995
2007-01-31,0.050034999999999996,0.048697,0.047881,0.047306999999999995,0.047547,0.048476,0.050138999999999996,0.047751
2007-02-28,0.048384,0.046016,0.044811,0.044280999999999994,0.04484,0.046097,0.047836,0.046192000000000004
2007-03-31,0.048309,0.045896,0.044797000000000003,0.044619,0.045523999999999995,0.04718,0.049530000000000005,0.048011
2007-04-30,0.048408,0.04575,0.044561,0.044333,0.045204,0.046792999999999994,0.049097,0.047820999999999995
2007-05-31,0.049679,0.048813,0.048154,0.04768,0.04807,0.049291999999999996,0.050906,0.04748
2007-06-30,0.049173,0.048475000000000004,0.048201999999999995,0.048474,0.049296,0.050698999999999994,0.051891999999999994,0.048105
2007-07-31,0.047404,0.045331,0.044760999999999995,0.045452000000000006,0.046795,0.048569,0.050102,0.048082
2007-08-31,0.042885,0.04151,0.041143,0.042101,0.043955,0.046652,0.049291999999999996,0.04708300000000001
2007-09-30,0.040275,0.039578,0.039834,0.041752000000000004,0.044160000000000005,0.04713,0.049402999999999996,0.047426
2007-10-31,0.040285,0.039101,0.039112,0.040846,0.043181000000000004,0.046042,0.04843,0.04731
2007-11-30,0.031942,0.030362,0.030840999999999997,0.034252,0.038045,0.042134,0.045493,0.045118
2007-12-31,0.032102,0.030303,0.030733,0.034322,0.038412,0.042859,0.046123000000000004,0.045092
2008-01-31,0.021363,0.021475,0.023194,0.028393,0.033612,0.039585,0.045704,0.043098
2008-02-29,0.016168000000000002,0.016214,0.018822000000000002,0.025737999999999997,0.031974,0.038837,0.046713,0.044162
2008-03-31,0.014636,0.016041,0.018392,0.024402,0.030588,0.038236,0.046233,0.041085
2008-04-30,0.019032,0.022099999999999998,0.025067,0.030541,0.035249,0.040743,0.04754800000000001,0.044479
2008-05-31,0.022513999939999998,0.02601799965,0.029188001159999998,0.03460999966,0.03894900084,0.04374599934,0.04962200165,0.047413001059999994
2008-06-30,0.022955000399999998,0.02596999884,0.028780999180000003,0.03376300097,0.03788800001,0.04255199909,0.04797299862,0.04490399837
2008-07-31,0.02190299988,0.024723999499999996,0.02749799967,0.03269399881,0.0372149992,0.042501001360000006,0.04867199898,0.04498600006
2008-08-31,0.021326999660000002,0.0233859992,0.025768001080000002,0.03080600023,0.03550400019,0.04106699944,0.046900000569999996,0.043364000320000005
2008-09-30,0.0179610002,0.01988000035,0.02286499977,0.029758999350000002,0.035968999859999996,0.0423939991,0.04593100071,0.0419960022
2008-10-31,0.01332499981,0.01410400033,0.01791800022,0.02867500067,0.03870199919,0.04835499762999999,0.04852700233,0.03852299929
2008-11-30,0.00771099985,0.00777999997,0.010587999820000001,0.019280999899999998,0.027762999530000002,0.03635099888,0.03860800028,0.03165999889
2008-12-31,0.0038499999,0.0057130003,0.00864199996,0.01556800008,0.02198800087,0.02879100084,0.03158699989,0.02502099991
2009-01-31,0.005447000269999999,0.00816399992,0.01180600047,0.01996099949,0.027499001029999998,0.03578700066,0.04080699921,0.03337199926
2009-02-28,0.00723800004,0.00961799979,0.01313500047,0.021273000240000003,0.02880599976,0.03695199966,0.04189499855,0.03592200041
2009-03-31,0.0057160002,0.0077509999299999995,0.01066100001,0.01745399952,0.02397700071,0.03154700041,0.03886800051,0.0354640007
2009-04-30,0.005169000030000001,0.009121000169999999,0.01323699951,0.021247000690000004,0.02827399969,0.03626499891,0.044342999460000004,0.03967000008
2009-05-31,0.004912000000000001,0.00910700023,0.01392400026,0.023540999889999997,0.03163899899,0.03996500015,0.04638700008,0.043590998650000004
2009-06-30,0.00557699978,0.01090600014,0.01623999953,0.025783998970000003,0.03313199997,0.04018400192,0.045384001730000005,0.04374800205
2009-07-31,0.00546199977,0.01110200047,0.016407999989999998,0.02557699919,0.03262399912,0.03961499929,0.04538700104,0.04335100174
2009-08-31,0.0045010000500000005,0.00968400002,0.01490499973,0.02430000067,0.03157399893,0.03859299898,0.04383999825,0.04222799778
2009-09-30,0.00420399994,0.00926500022,0.01432700038,0.02338700056,0.030385000710000002,0.03714999914,0.042416000370000005,0.04110199928
2009-10-31,0.0038909998499999997,0.00905300021,0.014206999540000001,0.023477001190000003,0.03073499918,0.03794699907,0.04444099903,0.04372799873
2009-11-30,0.00274699986,0.00644299984,0.01100700021,0.020255000590000002,0.02792700052,0.035710999970000004,0.0436619997,0.044456000329999995
2009-12-31,0.0054610002,0.01141600013,0.01705199957,0.026823999879999998,0.034342999459999995,0.041824002269999994,0.04854100227,0.04729599953
2010-01-31,0.00327199996,0.00819999993,0.01362900019,0.02383300066,0.03183099985,0.03956099987,0.04664800167,0.04698900223
2010-02-28,0.00347900003,0.00802299976,0.01325000048,0.0233829999,0.03151799917,0.03953200102,0.047093000409999995,0.047486000060000005
2010-03-31,0.00440899998,0.00999599993,0.015779999490000002,0.02603199959,0.03373899937,0.041185998919999994,0.048770999909999994,0.04877399921
2010-04-30,0.0045950001499999995,0.00948899984,0.014901000259999998,0.02474900007,0.03218600035,0.03933300018,0.0466779995,0.04689799786
2010-05-31,0.00412699997,0.007839000229999999,0.012604000570000001,0.02181900024,0.02898400068,0.03603199959,0.043710999490000006,0.04380899906
2010-06-30,0.0034740000999999997,0.00608500004,0.01003399968,0.01836799979,0.02527400017,0.0324000001,0.040616998669999994,0.04068699837
2010-07-31,0.0031799998899999997,0.0050480002199999995,0.00842299998,0.01648000002,0.02381700039,0.03173599958,0.04081799984,0.04225500107
2010-08-31,0.00297300011,0.00448700011,0.00721099973,0.01376799941,0.019847999810000003,0.02663000107,0.03546499968,0.037581000329999996
2010-09-30,0.00277999997,0.003917,0.00650300026,0.01324300051,0.019793000220000002,0.027339000699999998,0.03738500118,0.0396239996
2010-10-31,0.00242300004,0.0029319998600000003,0.0053039997800000006,0.01235999942,0.01967800021,0.02848200083,0.04081399918,0.043590998650000004
2010-11-30,0.00299100012,0.00452300012,0.007476000189999999,0.01485700011,0.02198299885,0.030355999470000002,0.042322998050000005,0.044829998020000004
2010-12-31,0.00303299993,0.00595600009,0.010605000259999999,0.020129001139999998,0.02771899939,0.03544800043,0.04509300232,0.04575200081
2011-01-31,0.00283100009,0.00554400027,0.009969000220000001,0.01961599946,0.027809000020000002,0.03649399996,0.047657999990000005,0.0491079998
2011-02-28,0.0028459999000000004,0.0066180002699999995,0.01172099948,0.02143599987,0.028872001169999998,0.03638499975,0.046407999990000004,0.04782999992
2011-03-31,0.00331999987,0.00777100027,0.01302899957,0.02254400015,0.029707000259999998,0.03697700024,0.04675000191,0.047891001700000005
2011-04-30,0.00240199998,0.0058069998000000005,0.010405999420000001,0.01979900002,0.027523999209999997,0.03552599907,0.04548699856,0.047156000139999994
2011-05-31,0.00205400005,0.00441900015,0.00816600025,0.01671599984,0.024375,0.03269999981,0.04320300102,0.04569699764
2011-06-30,0.00221499994,0.00481000006,0.00869899988,0.017520999909999998,0.025506000520000002,0.034302001,0.04517799854,0.04723800182
2011-07-31,0.00260600001,0.00337799996,0.00596300006,0.013384000060000002,0.021020998949999998,0.030174000259999997,0.04244100094,0.04450900078
2011-08-31,0.00131400004,0.0018960000599999999,0.00386599988,0.00970200002,0.01597599983,0.02395100117,0.03641599894,0.03950299978
2011-09-30,0.00173899993,0.0028529998699999997,0.0047339999700000005,0.00951900005,0.01442999959,0.02060600042,0.02970000029,0.03080899954
2011-10-31,0.00162799999,0.00245399997,0.00451099992,0.010184999699999999,0.01601300001,0.023062999249999997,0.03236700058,0.03336400032
2011-11-30,0.00157299995,0.00247600004,0.00446999997,0.00984600008,0.01535400033,0.022063000200000002,0.031124000550000003,0.032158999439999995
2011-12-31,0.00149299994,0.00242500007,0.00416500002,0.00877799988,0.01363000035,0.01984300017,0.02922499895,0.030390000339999997
2012-01-31,0.00155100003,0.00188299999,0.00320499986,0.00743200004,0.0123269999,0.01901299953,0.02984299898,0.03085799932
2012-02-29,0.00212799996,0.00295399994,0.00457599998,0.00905600011,0.01397699952,0.020578999520000002,0.03128200054,0.03226700068
2012-03-31,0.00235100001,0.0035299998500000003,0.00556900024,0.01085399985,0.01637799978,0.023459000589999997,0.03408499956,0.03509500027
2012-04-30,0.00209999993,0.00266900003,0.00415300012,0.0085619998,0.01353899956,0.02028800011,0.0314380002,0.03289400101
2012-05-31,0.00237900004,0.0027970001100000004,0.0038440001000000002,0.007026000019999999,0.01077100039,0.01614500046,0.02628599882,0.02807800055
2012-06-30,0.0025900000299999997,0.00321399987,0.00438699991,0.0077039998799999995,0.01154000044,0.01707299948,0.027588000300000002,0.02874000072
2012-07-31,0.0018430000499999998,0.00212500006,0.00310499996,0.00627300024,0.01006999969,0.015521999600000001,0.02544399977,0.02666500092
2012-08-31,0.00196600005,0.00211099997,0.00305799991,0.006334999799999999,0.01033599973,0.01609200001,0.026470000740000003,0.02780100107
2012-09-30,0.0020129999500000002,0.00220699996,0.0031799998899999997,0.00652199984,0.01066300035,0.01675999999,0.02813299894,0.02907399893
2012-10-31,0.00222800002,0.0027919998800000003,0.00400299996,0.00754499972,0.01165599942,0.017522000069999998,0.02830899954,0.02955600023
2012-11-30,0.00217999995,0.00238499999,0.00334199995,0.00659200013,0.010591000319999998,0.01645900011,0.027637000079999998,0.029326000209999998
2012-12-31,0.00194299996,0.00248500004,0.0037560001,0.00753899992,0.01192800045,0.01813699961,0.02927599907,0.03055099964
2013-01-31,0.00176599994,0.0026190000800000003,0.00431100011,0.00896499991,0.0140320003,0.02075999975,0.0315809989,0.03289400101
2013-02-28,0.0018539999400000002,0.00232500002,0.00368900001,0.00788600028,0.012753000260000001,0.01952299953,0.031117000579999998,0.0324000001
2013-03-31,0.0017700000099999998,0.00239800006,0.0037850001500000004,0.00785000026,0.01254600048,0.0191900003,0.03121900082,0.03271500111
2013-04-30,0.0015140000000000002,0.00200499997,0.00321500003,0.00688000023,0.01118700027,0.01735599995,0.02875799894,0.03028100014
2013-05-31,0.0016519999499999998,0.0031790000200000003,0.005346999759999999,0.01052899957,0.01577000022,0.022458000180000003,0.033034999370000005,0.0347420001
2013-06-30,0.00192499995,0.00386599988,0.0071439999300000005,0.0141260004,0.01998900056,0.026389999390000002,0.03553900003,0.03637099981
2013-07-31,0.0013719999799999998,0.00325300008,0.0065140003,0.01391299963,0.02040899992,0.02745699883,0.03666800022,0.037960000040000004
2013-08-31,0.00155000001,0.00427700013,0.00829200029,0.01642799973,0.02288100004,0.02934000015,0.03734699965,0.03885699987
2013-09-30,0.00123099998,0.00338499993,0.00674300015,0.0141960001,0.020722000600000002,0.027799999710000002,0.03723200083,0.0394749999
2013-10-31,0.0013879999500000001,0.00317799985,0.00622399986,0.013372999430000001,0.01988899946,0.027074999809999997,0.03644000053,0.03881299973
2013-11-30,0.00148000002,0.0028990000500000003,0.00606400013,0.013997999430000001,0.021322999,0.029254999160000003,0.03862799883,0.04047100067
2013-12-31,0.00151099995,0.00395300001,0.00830600023,0.01762699962,0.02502899885,0.03209700108,0.03993599892,0.04191599846
2014-01-31,0.0013120000100000002,0.00347499996,0.00725600004,0.015297000409999999,0.021763999460000003,0.02821899891,0.0362229991,0.03805000067
2014-02-28,0.00122000001,0.0033930000700000003,0.00728600025,0.01539800048,0.02174400091,0.027969999310000004,0.03591599941,0.03803999901
2014-03-31,0.001215,0.00439300001,0.00915700018,0.01764000058,0.023399000170000003,0.02859999895,0.03538199902,0.03774499893
2014-04-30,0.00101899996,0.00424499989,0.008903999919999999,0.01719699979,0.02283600092,0.02789000034,0.03432499886,0.03653300047
2014-05-31,0.0009939999900000001,0.0038519999399999998,0.008072000150000001,0.01565899968,0.02092200041,0.025829999450000002,0.03268300056,0.03523000002
2014-06-30,0.00127900004,0.00454299986,0.0089380002,0.01647400022,0.02158400059,0.02634599924,0.032934000490000004,0.0352940011
2014-07-31,0.00125300005,0.00548699975,0.0105340004,0.01807800055,0.02264899969,0.02675800085,0.03267100096,0.03490700006
2014-08-31,0.001197,0.00526799977,0.00992600024,0.01672000051,0.02076600075,0.02443300009,0.03013799906,0.0325270009
2014-09-30,0.00148200005,0.00616999984,0.01120300055,0.01830800056,0.022458000180000003,0.026152000430000003,0.031533999439999995,0.03360899925
2014-10-31,0.00152500004,0.00538500011,0.00987200022,0.01672799945,0.020903000829999997,0.024581999780000002,0.03001499891,0.03232700109
2014-11-30,0.00158500001,0.00495200008,0.00911000013,0.01541599989,0.01924499989,0.022716999050000002,0.028169000149999998,0.0305250001
2014-12-31,0.00294,0.00706399977,0.01118499994,0.01691200018,0.02001399994,0.022432000639999998,0.026268000599999997,0.028993999960000003
2015-01-31,0.00200000003,0.004887000020000001,0.00788399994,0.01221899986,0.015,0.017742999790000002,0.021947999,0.02351799965
2015-02-28,0.00271800011,0.0066180002699999995,0.01034399986,0.01544199944,0.018360999819999998,0.02096400023,0.025285000800000002,0.027362999920000002
2015-03-31,0.0029300001300000002,0.00582499981,0.00906000018,0.01412799954,0.01732200027,0.020199999809999997,0.02474499941,0.0269630003
2015-04-30,0.00275099993,0.0060610002299999995,0.00940599978,0.01469200015,0.01816900015,0.02141299963,0.0266899991,0.02940099955
2015-05-31,0.0029570001400000003,0.006312999729999999,0.00974600017,0.01522400022,0.01886700034,0.02231899977,0.02815999985,0.03127199888
2015-06-30,0.00319700003,0.006632999779999999,0.01044100046,0.01675099969,0.020906000140000002,0.02455600023,0.0302060008,0.034140999320000004
2015-07-31,0.00351500005,0.006786999700000001,0.01021800041,0.015827000140000002,0.01950600028,0.02269900084,0.027822999949999996,0.03211100101
2015-08-31,0.0044069999500000005,0.007696999909999999,0.0109070003,0.01610900044,0.01967599988,0.02304800034,0.028527998920000002,0.03181999922
2015-09-30,0.00353399992,0.00653100014,0.0093779999,0.014186999799999999,0.01775599957,0.02136199951,0.027383999819999998,0.03161799908
2015-10-31,0.0046050000200000005,0.0076249998799999994,0.010686999559999999,0.01574300051,0.01920300007,0.022400999069999997,0.02772700071,0.0316779995
2015-11-30,0.006786999700000001,0.00962899983,0.01240800023,0.01698799968,0.02016799927,0.02314699888,0.02823299885,0.0324180007
2015-12-31,0.00789799988,0.01075500011,0.013501000400000001,0.0179610002,0.021003000740000003,0.023775000570000003,0.02842499971,0.03265599966
2016-01-31,0.00634599984,0.00805299997,0.00998399973,0.013751000170000001,0.0168780005,0.02022099972,0.02566299915,0.030213000769999998
2016-02-29,0.00663200021,0.00789900005,0.009470000269999999,0.0126849997,0.01542000055,0.01840800047,0.02382999897,0.028766000269999998
2016-03-31,0.0059829997999999995,0.00732900023,0.0090109998,0.01246899962,0.01541300058,0.01858199954,0.02395200014,0.0290809989
2016-04-30,0.00586799979,0.007649999859999999,0.00957899988,0.01315000057,0.01596899986,0.018931000229999998,0.02448299885,0.02928999901
2016-05-31,0.007182000280000001,0.00882399976,0.01067199945,0.01405300021,0.01660099983,0.019125000240000002,0.024049999710000002,0.02911600113
2016-06-30,0.00497500002,0.00595099986,0.00737999976,0.01037199974,0.01281900048,0.015343999859999999,0.02035900116,0.025820999150000003
2016-07-31,0.00569899976,0.006636000279999999,0.007910000090000001,0.01054299951,0.012717000249999999,0.01498399973,0.01941699982,0.024472999569999997
2016-08-31,0.006638000010000001,0.00813499987,0.00968200028,0.012347999810000001,0.01429200053,0.01625,0.02046900034,0.02443399906
2016-09-30,0.00657999992,0.00782500029,0.00924700022,0.01193400025,0.0140989995,0.016495000120000002,0.02156399965,0.025315001009999998
2016-10-31,0.007059999700000001,0.00870500028,0.010455000400000001,0.01365700006,0.01619099975,0.01892799973,0.02425400019,0.02812999964
2016-11-30,0.00856400013,0.011427999730000001,0.01434000015,0.01903599977,0.02208400011,0.02469099998,0.02891299963,0.03276900053
2016-12-31,0.00897700012,0.012017999889999999,0.01501399994,0.01978600025,0.0228640008,0.025466001029999998,0.02950400114,0.03328399897
2017-01-31,0.00873199999,0.01198500037,0.014965000150000001,0.01958600044,0.02260099888,0.025257999899999998,0.02946000099,0.03294199944
2017-02-28,0.00916400015,0.01236700058,0.015200999980000001,0.01941100001,0.02204999924,0.02437000036,0.028557000160000002,0.03211899996
2017-03-31,0.010550999640000001,0.01279299974,0.01540699959,0.01967599988,0.02237299919,0.02469700098,0.029061999319999997,0.03285099983
2017-04-30,0.01119099975,0.012783000470000002,0.01481299996,0.0184739995,0.021063001159999997,0.02351700068,0.02826400042,0.03222500086
2017-05-31,0.011886999609999999,0.01284000039,0.014557000399999999,0.017891000509999998,0.02030299902,0.022667999270000003,0.027444999220000002,0.03096800089
2017-06-30,0.012608000040000001,0.01394600034,0.0157190001,0.019007999900000003,0.02136800051,0.02355700016,0.02729500055,0.03040899992
2017-07-31,0.01238299966,0.0135679996,0.015257999900000001,0.01854099989,0.02102299929,0.023477001190000003,0.027841000560000002,0.030952999590000002
2017-08-31,0.01232200027,0.0132280004,0.01456500053,0.01725900054,0.01938500047,0.021589999199999998,0.025903000829999998,0.02921099901
2017-09-30,0.01334100008,0.01480999947,0.01645499945,0.0193900001,0.02154099941,0.023638000489999998,0.02741699934,0.03047699928
2017-10-31,0.01441599965,0.015965000389999998,0.017537000179999998,0.02021100044,0.0221329999,0.02400899887,0.02753299952,0.030546000000000004
2017-11-30,0.01631299973,0.01790199995,0.01928599954,0.02146500111,0.022999999519999998,0.02451800108,0.0273239994,0.02982199907
2017-12-31,0.01757300019,0.01885200024,0.020032999519999997,0.02191200018,0.023180000779999998,0.024319999220000003,0.02637099981,0.028733000760000002
2018-01-31,0.019119000429999998,0.02144099951,0.02312700033,0.025250000950000004,0.02639800072,0.02727499962,0.02867500067,0.030209999079999997
2018-02-28,0.020492999549999998,0.022630999090000003,0.024284000400000002,0.026540999410000002,0.02788100004,0.028980000019999997,0.03057899952,0.03224400043
2018-03-31,0.021019999980000002,0.022716999050000002,0.023984999660000002,0.02564899921,0.026610000130000002,0.027418999670000003,0.02892999887,0.0305250001
2018-04-30,0.02254499912,0.02485399961,0.02633699894,0.02797199965,0.02877099991,0.02939899921,0.03051700115,0.03134799957
2018-05-31,0.022432000639999998,0.02413399935,0.02534800053,0.026851000790000003,0.02766200066,0.02830499887,0.02938999891,0.03039599895
2018-06-30,0.02334399939,0.025206999780000003,0.026133999819999996,0.0273119998,0.028031001089999997,0.02865099907,0.02940999985,0.02966399908
2018-07-31,0.024398000240000002,0.026633999350000003,0.02753700018,0.028357000349999998,0.02891400099,0.02954400063,0.03050199986,0.03083899975
2018-08-31,0.02454799891,0.02619800091,0.02681699991,0.02743099928,0.02791399956,0.02855600119,0.02983099937,0.030360000130000002
2018-09-30,0.026206998829999998,0.02801000118,0.02866600037,0.02933399916,0.029841001029999998,0.030462999339999998,0.03157599926,0.032009999750000004
2018-10-31,0.026940999030000003,0.02860699892,0.02915800095,0.029832999710000002,0.030532000059999998,0.03153000116,0.03350800037,0.034309000969999996
2018-11-30,0.02702199936,0.02793499947,0.028217999940000002,0.028501999379999997,0.02902199984,0.03007100105,0.03252599955,0.03352900028
2018-12-31,0.02574300051,0.02485899925,0.024623999599999998,0.02506500006,0.025873000620000003,0.026991000180000002,0.029317998890000002,0.03142800093
2019-01-31,0.025095999240000003,0.02445100069,0.024203000069999998,0.024409000870000003,0.025057001109999998,0.02620599985,0.029052000050000002,0.031287000179999996
2019-02-28,0.02529999971,0.025048999790000002,0.02504100084,0.02545900106,0.02614700079,0.02727099895,0.03012500048,0.03220000029
2019-03-31,0.02371900082,0.0226789999,0.022260000710000002,0.02239799976,0.02304800034,0.02414299965,0.026939001079999997,0.02953799963
2019-04-30,0.023552000519999998,0.022562000750000002,0.02232000113,0.02287800074,0.0238560009,0.02522300005,0.02822000027,0.03086299896
2019-05-31,0.02183599949,0.01955600023,0.01894000053,0.019447000029999998,0.020390999320000002,0.02159399986,0.02463900089,0.02726999998
2019-06-30,0.01933899999,0.017628999949999998,0.01716400027,0.01770200014,0.01872699976,0.02018699884,0.02404000044,0.0270449996
2019-07-31,0.02034600019,0.0189380002,0.018396999839999997,0.01847000003,0.01908200026,0.02020900011,0.023989999289999998,0.027035999300000002
2019-08-31,0.01753900051,0.0152760005,0.01433500051,0.01401600003,0.0143719995,0.01522400022,0.01848799944,0.021020998949999998
2019-09-30,0.01804700017,0.01656000018,0.01586699963,0.015642000439999998,0.01603700042,0.01693899989,0.02011100054,0.02268100023
2019-10-31,0.01591899991,0.01542099953,0.015198999639999999,0.015312999490000001,0.015864000320000002,0.0170449996,0.02089600086,0.023073999879999998
2019-11-30,0.01675999999,0.01641600013,0.01629099965,0.01648000002,0.017015999559999998,0.01809000015,0.02141900063,0.02312700033
2019-12-31,0.01623100042,0.01594099998,0.0161590004,0.017101000550000002,0.01815199971,0.01961099982,0.023224000930000002,0.02529200077
2020-01-31,0.01477599978,0.013415999409999999,0.01298900008,0.01325500011,0.0139989996,0.01528800011,0.01915899992,0.02164999962
2020-02-29,0.01056900024,0.00882300019,0.00854700029,0.00921400011,0.01013299942,0.01149000049,0.015576000210000001,0.018329000470000002
2020-03-31,0.00256300002,0.00276800007,0.00323000014,0.00450199991,0.005891000029999999,0.0078579998,0.01270499945,0.01558200002
2020-04-30,0.0018089999300000001,0.00215900004,0.0027120000100000004,0.00398299992,0.0052310001900000005,0.00696099997,0.01166800022,0.014776999950000001
2020-05-31,0.00190200001,0.00174199998,0.002095,0.0033610001200000002,0.00478300005,0.00684199989,0.01255900025,0.016354999539999998
2020-06-30,0.0017749999499999999,0.00159299999,0.00191599995,0.00319299996,0.0046819999800000005,0.00682200015,0.012516000270000001,0.01633100033
2020-07-31,0.00136800006,0.00113200001,0.00136500001,0.00243100002,0.0037009999199999997,0.0055169999599999995,0.010364999770000001,0.013832999470000001
2020-08-31,0.00148399994,0.00135000005,0.00168599993,0.00307399988,0.00479699999,0.0073199999299999995,0.013320000169999999,0.016693999770000002
2020-09-30,0.00134599999,0.0013070000700000002,0.0016650000200000002,0.00297300011,0.00455500007,0.00689300001,0.012812999490000001,0.016404999490000002
2020-10-31,0.001441,0.0015170000000000001,0.002153,0.004124,0.006236,0.008979000000000001,0.014667,0.018147
2020-11-30,0.0012690000000000002,0.0014169999999999999,0.0020499999999999997,0.0039310000000000005,0.005939,0.008555,0.013977999999999999,0.017293
2020-12-31,0.001172,0.001156,0.00178,0.0039000000000000003,0.006265,0.009331,0.014903,0.017908
2021-01-31,0.000998,0.001132,0.0020250000000000003,0.004779,0.007701,0.011332,0.017319,0.020213000000000002
2021-02-28,0.000956,0.0016539999999999999,0.003433,0.007704,0.011429,0.015406,0.021193,0.023332000000000002
2021-03-31,0.000747,0.001683,0.003967,0.009395,0.013988,0.01851,0.023577,0.025936
2021-04-30,0.000742,0.001684,0.0037790000000000002,0.008768,0.013071999999999999,0.017404,0.022387999999999998,0.024882
2021-05-31,0.000678,0.001419,0.0033139999999999997,0.008046,0.012303999999999999,0.016805,0.022328999999999998,0.024310000000000002
2021-06-30,0.001013,0.002557,0.004694,0.008848,0.012056,0.015303,0.020249000000000003,0.022317
2021-07-31,0.00084,0.001934,0.0036309999999999997,0.007109,0.009951,0.013047,0.018373999999999998,0.020689000000000003
2021-08-31,0.000897,0.00221,0.004161000000000001,0.007884,0.010698000000000001,0.013601,0.018565,0.020842999999999997
2021-09-30,0.001052,0.0029,0.0054659999999999995,0.009984,0.013063,0.01591,0.020266000000000003,0.02235
2021-10-31,0.001812,0.00487,0.007801,0.011892,0.014268000000000001,0.016339,0.0194,0.020685
2021-11-30,0.002359,0.005475,0.008246999999999999,0.011613,0.013412,0.015065,0.017979000000000002,0.019346000000000002
2021-12-31,0.004226,0.0075509999999999996,0.00986,0.012699,0.014335,0.015907,0.019015999999999998,0.020649999999999998
2022-01-31,0.008,0.011794,0.014036999999999999,0.016325,0.017499,0.018728,0.021381,0.022608000000000003
2022-02-28,0.010733,0.014607000000000002,0.016326,0.01744,0.017969,0.019015999999999998,0.02229,0.023832
2022-03-31,0.017244,0.023166000000000003,0.024843999999999998,0.024479,0.02374,0.023639999999999998,0.025231,0.026088
2022-04-30,0.021414,0.027184,0.028933,0.029325,0.029249999999999998,0.029477000000000003,0.030766,0.031479
2022-05-31,0.020669,0.025223,0.02724,0.02834,0.028578000000000003,0.029234,0.032216,0.033795
2022-06-30,0.028657,0.029803000000000003,0.029872,0.029956,0.030291000000000002,0.030985,0.032756,0.033571
2022-07-31,0.029445000000000002,0.029042,0.028356,0.027134000000000002,0.026629,0.027069,0.031207,0.033915
2022-08-31,0.033947,0.034615,0.034367,0.033149000000000005,0.032242,0.031974999999999996,0.034300000000000004,0.036007
2022-09-30,0.042148000000000005,0.042861,0.042307,0.040521,0.039327,0.038767,0.039622000000000004,0.040263999999999994
2022-10-31,0.04621,0.045303,0.044005999999999997,0.042426000000000005,0.041845999999999994,0.041877000000000004,0.043651,0.044954
2022-11-30,0.046594,0.043488,0.041147,0.038221,0.036937000000000005,0.036784,0.039726,0.039596
2022-12-31,0.047028999999999994,0.044321,0.042295,0.039802,0.038754,0.038708,0.041128,0.040305
2023-01-31,0.046558999999999996,0.042041,0.03904,0.035895,0.034871,0.035016,0.037308,0.037257
2023-02-28,0.051136999999999995,0.047729,0.044427,0.041261,0.040138999999999994,0.039645,0.039982000000000004,0.040389
2023-03-31,0.045351999999999996,0.040792,0.038176999999999996,0.035796,0.035105,0.035217,0.037282,0.038716
2023-04-30,0.046687000000000006,0.04076,0.037502,0.034855,0.034333999999999996,0.034729,0.03709,0.038614
2023-05-31,0.050305,0.04396,0.040293999999999996,0.037103000000000004,0.036394,0.036854,0.039321,0.039678
2023-06-30,0.053818000000000005,0.048475000000000004,0.044566,0.040728999999999994,0.039121,0.038321999999999995,0.039118,0.040175999999999996
2023-07-31,0.052752,0.048502,0.045092,0.041203000000000004,0.039885000000000004,0.039774,0.040965,0.041501
2023-08-31,0.052629999999999996,0.048177000000000005,0.045158,0.041928,0.04086,0.041026999999999994,0.043213,0.042276999999999995
2023-09-30,0.053864,0.050105000000000004,0.04750600000000001,0.045739999999999996,0.045769000000000004,0.04657,0.048586,0.048565
2023-10-31,0.053243,0.050209000000000004,0.048617999999999995,0.047747000000000005,0.048231,0.049559,0.051837,0.0506
2023-11-30,0.050849000000000005,0.046761,0.044467999999999994,0.042849000000000005,0.043065,0.044364999999999995,0.047004000000000004,0.045727000000000004
2023-12-31,0.047094,0.042131999999999996,0.039768,0.038263,0.038304,0.039084,0.041383,0.041909999999999996
2024-01-31,0.046771,0.042145999999999996,0.04000600000000001,0.03879,0.039037,0.040073,0.043068999999999996,0.044098
2024-02-29,0.049458,0.045957,0.043901,0.042187,0.041995,0.042644,0.044708,0.04457
2024-03-31,0.049541,0.045967,0.043762999999999996,0.041738,0.041323,0.041817,0.044086,0.044369
2024-04-30,0.051711,0.049808000000000005,0.048383,0.046703999999999996,0.046135999999999996,0.046411,0.04860299999999999,0.047855
2024-05-31,0.051109999999999996,0.048233,0.046246,0.044702,0.044544,0.045013,0.046776,0.047365000000000004
2024-06-30,0.05028,0.046791,0.044687000000000004,0.042873,0.042649,0.043358,0.045763,0.045714
2024-07-31,0.046874,0.042592,0.040473,0.039224,0.039545,0.040780000000000004,0.04415,0.045018
2024-08-31,0.043102999999999995,0.03893,0.037472,0.0371,0.037752,0.039147,0.042688,0.044324
2024-09-30,0.03932,0.036232,0.035528,0.035714,0.036513,0.038034,0.041963999999999994,0.043833000000000004
2024-10-31,0.042704000000000006,0.04125,0.040893,0.041225,0.041921999999999994,0.042994000000000004,0.04537,0.046166
2024-11-30,0.043134,0.041558000000000005,0.040698,0.040273,0.04073,0.041936999999999995,0.04473,0.044516
2024-12-31,0.041982,0.042273,0.042637999999999995,0.043514,0.044485000000000004,0.04592399999999999,0.048901,0.04838
2025-01-31,0.042066,0.041969000000000006,0.042342000000000005,0.043429999999999996,0.044532999999999996,0.045975999999999996,0.048875,0.049783
2025-02-28,0.040849,0.039687,0.039508,0.040152,0.041139999999999996,0.042594,0.04577,0.046856999999999996
2025-03-31,0.040087000000000005,0.038759,0.038533,0.039351,0.040650000000000006,0.042571000000000005,0.046592,0.047697
2025-04-30,0.038405,0.035891,0.035578,0.037105,0.039272,0.042276999999999995,0.047783,0.048523
2025-05-31,0.040965999999999995,0.03895,0.038452,0.039559000000000004,0.041624,0.044753999999999995,0.050526,0.050801
2025-06-30,0.039603,0.037069,0.036517,0.037731,0.039825,0.042905,0.048824,0.049738
2025-07-31,0.041212,0.039122,0.038501,0.03934,0.04118,0.044086,0.049791,0.050431
2025-08-31,0.038116,0.036023,0.035518999999999995,0.036796999999999996,0.039182999999999996,0.042885,0.050214,0.051186999999999996
2025-09-30,0.036945,0.035935999999999996,0.035891,0.037195,0.039158,0.042103,0.048042,0.049138
2025-10-31,0.03689,0.035833,0.035719,0.036901,0.038782000000000004,0.041651999999999995,0.04742,0.048330000000000005
2025-11-30,0.036185999999999996,0.034902999999999997,0.034655,0.035787,0.037798,0.040983,0.047535999999999995,0.048509000000000004
2025-12-31,0.035082,0.034717,0.035167000000000004,0.037092,0.039374,0.042568,0.049146999999999996,0.051025
2026-01-31,0.035368,0.035038,0.035712,0.037903,0.040204000000000004,0.043250000000000004,0.049387999999999994,0.051276999999999996
2026-02-28,0.034862000000000004,0.033717000000000004,0.033648,0.03506,0.037207,0.04044400000000001,0.047087000000000004,0.048471
